{"cameraMode":{"drawMode":0,"name":"Shaded","section":"Shading Mode"},"sceneLighting":true,"audioPlay":false,"sceneViewState":{"showFog":true,"showMaterialUpdate":false,"showSkybox":true,"showFlares":true,"showImageEffects":true,"showParticleSystems":true},"in2DMode":false,"pivot":{"x":-2.2392568588256838,"y":-0.6744585037231445,"z":-1.176116943359375},"rotation":{"x":-0.26710551977157595,"y":0.252694696187973,"z":-0.07278429716825485,"w":-0.9271247982978821},"size":25.27510643005371,"orthographic":false}